{"cameraMode":{"drawMode":0,"name":"Shaded","section":"Shading Mode"},"sceneLighting":false,"audioPlay":false,"sceneViewState":{"m_AlwaysRefresh":false,"showFog":true,"showSkybox":true,"showFlares":true,"showImageEffects":true,"showParticleSystems":true,"showVisualEffectGraphs":true,"m_FxEnabled":true},"in2DMode":false,"pivot":{"x":-12.358843803405762,"y":3.4665322303771974,"z":44.088871002197269},"rotation":{"x":0.06346029043197632,"y":0.2551732063293457,"z":0.016786662861704828,"w":-0.964664876461029},"size":40.061317443847659,"orthographic":false}