{"cameraMode":{"drawMode":0,"name":"Shaded","section":"Shading Mode"},"sceneLighting":false,"audioPlay":false,"sceneViewState":{"m_AlwaysRefresh":false,"showFog":true,"showSkybox":true,"showFlares":true,"showImageEffects":true,"showParticleSystems":true,"showVisualEffectGraphs":true,"m_FxEnabled":true},"in2DMode":false,"pivot":{"x":14.725983619689942,"y":-4.935694694519043,"z":6.613040924072266},"rotation":{"x":-0.008564160205423832,"y":-0.39207321405410769,"z":0.0036504222080111505,"w":-0.9198864102363586},"size":30.900466918945314,"orthographic":false}